user,game,mean_x,mean_y,mean_z,rows
g1o1u00,beat_saber,-0.0730123926684133,1.4194616319344893,-0.13350647287703463,73870
g1o1u00,cooking_simulator,0.08285308150020876,1.4011758464811426,0.66733197043747,79912
g1o1u01,beat_saber,-0.013045562383803987,1.50714032413143,-0.03967079338400302,67957
g1o1u01,cooking_simulator,-0.11773802360244653,1.436277773226563,-0.17444531316330952,55443
g1o1u02,beat_saber,-0.83993711457168,1.5841662500892093,-1.0935552340985888,58847
g1o1u02,cooking_simulator,0.11620856478009567,1.5008435959302826,-0.5249296062104213,53763
g1o1u03,beat_saber,0.03298682982282313,1.609106372952089,0.11718497171222314,61343
g1o1u03,cooking_simulator,-0.3832083362382922,1.5148371614437224,0.2613461191546798,78436
g1o1u04,beat_saber,0.0001676670029860002,1.5039864465061872,-0.03520345432757934,70167
g1o1u04,cooking_simulator,-0.6336062201433075,1.4663670072162558,0.9083520504439432,39217
g1o1u05,beat_saber,-1.375517242979435,1.5532427294050122,0.6477900378220149,74994
g1o1u05,cooking_simulator,-0.03583340500096707,1.5023226995496344,-0.6676966520512417,101471
g1o1u06,beat_saber,0.13085960355067763,1.7132280311897023,-0.2184499823603294,61174
g1o1u06,cooking_simulator,0.7972320917511694,1.679304235507626,-0.08386071442978213,36364
g1o1u07,beat_saber,0.489609445309017,1.7206447396875586,0.8989145281411569,133989
g1o1u07,cooking_simulator,-1.1805701308056273,1.671006764280566,-0.01706595323483456,116032
g1o1u08,beat_saber,-0.06763544273659991,1.5336944858147974,-0.3815576432405139,69368
g1o1u08,cooking_simulator,0.27711387876433263,1.5357040363196814,-0.11501750089482113,76102
g1o1u09,beat_saber,0.003721410296204626,1.6355437989266632,-0.0029710885632056147,67453
g1o1u09,cooking_simulator,0.14096900213983163,1.5991361372444592,0.6609212499758473,45051
g1o1u10,beat_saber,0.059768959104156874,1.6450563992654448,-0.3485282922467793,65618
g1o1u10,cooking_simulator,-0.31986640553395423,1.5676016696098358,-0.25808397668907834,37035
g1o1u11,beat_saber,-0.1312158535733361,1.5289315784355344,-1.0063191387393553,77739
g1o1u11,cooking_simulator,-0.15516955270761362,1.4721897246895503,-0.023718256840845546,74327
g1o1u12,beat_saber,0.10973881376047857,1.5394935663593683,0.13945819820920657,64000
g1o1u12,cooking_simulator,-0.3573937097705182,1.5038436798178783,-0.3830367060688228,79942
g1o1u13,beat_saber,0.1574589210735382,1.5993966709333192,-0.07394288956374809,80391
g1o1u13,cooking_simulator,-0.12851844437655527,1.506685399462702,0.27438258727628195,80776
g1o1u14,beat_saber,-2.0544475977713024,1.6119323714779632,0.052407990629028525,64203
g1o1u14,cooking_simulator,0.7283407038291533,1.5874420637588311,0.8906794382191041,38677
g1o2u00,beat_saber,-0.14014846687461413,1.5973871824770227,0.018564923544041958,61816
g1o2u00,cooking_simulator,-0.017686811440987805,1.570749943660878,0.5968918645513411,51119
g1o2u01,beat_saber,-0.07511007886245202,1.5687510165945546,0.15248009933203477,63816
g1o2u01,cooking_simulator,-0.18892136316207667,1.503049364479105,-0.343942778239893,96439
g1o2u02,beat_saber,0.09242445404201671,1.4876370746525045,0.3165669614916043,67486
g1o2u02,cooking_simulator,0.3783391065972026,1.4177986112498535,-0.18078015757591454,62472
g1o2u03,beat_saber,0.001859631689414619,1.6491989760246817,-0.8821191463140352,61313
g1o2u03,cooking_simulator,0.11133311228603933,1.584099114229328,-1.0487360539874973,55231
g1o2u04,beat_saber,0.06980930127308323,1.712447449859548,0.8608391321496934,60879
g1o2u04,cooking_simulator,-0.18508649523071646,1.627098885145332,0.2349049352098653,60311
g1o2u05,beat_saber,0.2018664099913721,1.361356640580967,0.04551044521321644,69885
g1o2u05,cooking_simulator,-0.15903194254087932,1.3239816287852155,0.34853589474731494,62810
g1o2u06,beat_saber,0.13776851225726663,1.579695431719484,-0.2862303134968674,62170
g1o2u06,cooking_simulator,0.47678089219451836,1.522571779670791,-0.3558370881421017,50302
g1o2u07,beat_saber,-0.07293616189418596,1.6414797358360707,-0.6397677388254902,65342
g1o2u07,cooking_simulator,0.2773062014906548,1.5896795398461265,0.8113329967522809,121116
g1o2u08,beat_saber,0.14023798946903698,1.5309015605605487,0.27151400687575655,73216
g1o2u08,cooking_simulator,0.31400430946630825,1.486295796997957,-0.045859197877029544,85541
g1o2u09,beat_saber,0.07689795519673588,1.6761545980039763,0.46542273182644783,71242
g1o2u09,cooking_simulator,-0.42866957338225514,1.610903917579813,0.06602483148551606,82043
g1o2u10,beat_saber,0.05285491076804396,1.6655031489216334,-0.16606425516585874,70292
g1o2u10,cooking_simulator,0.2397343437970681,1.6254713342091036,0.3452540603682451,63182
g1o2u11,beat_saber,-1.2065699999025425,1.3738888485399614,0.019074996332901956,61574
g1o2u11,cooking_simulator,-0.15148695561695294,1.3257115908825734,0.1572622040502521,80549
g1o2u12,beat_saber,0.12315519368205971,1.5933920522217653,-0.03878152975695581,77573
g1o2u12,cooking_simulator,0.3820645353351098,1.5091219034524321,0.4114132511491608,76874
g1o2u13,beat_saber,-0.029501949605020263,1.4913074229882801,0.20867834062220827,73768
g1o2u13,cooking_simulator,0.3306005715202797,1.4350037188089286,0.26949227645884843,82716
g1o2u14,beat_saber,0.19716716333169854,1.4648290254875842,-0.2793041102687449,127670
g1o2u14,cooking_simulator,-0.013800507828554364,1.4856839795455687,-0.8999713573202904,147841
g2o1u00,forklift_simulator,-0.5638326067165682,1.1753583346317646,-1.0596783387635318,71882
g2o1u00,medal_of_honor,0.05477103476638639,1.6183663449110393,-0.9302785931702332,74396
g2o1u01,forklift_simulator,0.09151199430994764,1.2413048585171693,0.0038482404405953056,67358
g2o1u01,medal_of_honor,-0.5073038880725423,1.7239873110297932,0.8577112009658399,53011
g2o1u02,forklift_simulator,0.07967475010807994,1.2331149316122854,0.0901995713707705,62365
g2o1u02,medal_of_honor,0.23563068655247812,1.7451894103138992,-0.11530570047456842,59318
g2o1u03,forklift_simulator,-0.4423514300305112,1.0000364303766927,-0.2100579006623539,78659
g2o1u03,medal_of_honor,0.130534077297396,1.4127734560141698,-0.022712381316116297,80776
g2o1u04,forklift_simulator,0.3978458874649982,1.1253205380874742,-0.3428695419360744,78556
g2o1u04,medal_of_honor,-1.0134861432100695,1.5866793630532916,-0.46118949779602153,63145
g2o1u05,forklift_simulator,8.10091331986197e-05,1.1244612272135697,-0.03754343280790668,79916
g2o1u05,medal_of_honor,0.31052713305088603,1.512008508985738,-0.23651943615486112,38895
g2o1u06,forklift_simulator,0.02132971375564019,1.2039660442185496,0.03566774304245208,65719
g2o1u06,medal_of_honor,-0.08212629432701864,1.7295841032247083,0.7557350621234429,59385
g2o1u07,forklift_simulator,0.01841593056877994,1.1815801671299169,0.050045259221136014,56483
g2o1u07,medal_of_honor,0.01325964438465475,1.6522914888848033,-0.02866737277386977,65226
g2o1u08,forklift_simulator,0.07242322023222006,1.1723850934394395,-0.04687198053137821,72753
g2o1u08,medal_of_honor,-0.777252872322872,1.5568286349516667,-0.6571985894531087,54727
g2o1u09,forklift_simulator,0.011723661713878631,1.2041726873632974,-0.03336859880114122,63553
g2o1u09,medal_of_honor,0.05090311190377709,1.658953961064888,-0.13957128177298408,62617
g2o1u10,forklift_simulator,-0.06442904165890187,1.2327494273965351,0.017082820699321433,80981
g2o1u10,medal_of_honor,-0.5600501589109932,1.6290172531663845,-0.1368899078000683,69243
g2o1u11,forklift_simulator,-0.9737983177277906,1.0873084219144549,-1.4914970527154987,62169
g2o1u11,medal_of_honor,-0.6185067384684941,1.4909361088586761,-1.2716904338726422,58948
g2o1u12,forklift_simulator,0.00019784713471973108,1.116122332879346,-0.12093831889727517,90309
g2o1u12,medal_of_honor,-0.10411815351982093,1.4957567276113246,-1.47154022097165,61750
g2o1u13,forklift_simulator,0.024113567906884494,1.180635109513198,-0.015920586013408275,74402
g2o1u13,medal_of_honor,0.23823714857128414,1.6182942880067104,-0.8406922744462954,69172
g2o1u14,forklift_simulator,-0.18342649515659393,1.1890234341881636,0.5843081242313124,76430
g2o1u14,medal_of_honor,-1.1801039026542886,1.6428961046072186,-0.9193550748702882,76706
g2o2u00,forklift_simulator,-0.014483765790607797,1.1616972647652857,-0.16878525182031542,61885
g2o2u00,medal_of_honor,-1.9613270089366501,1.6183081292738426,-0.5441190997684533,55278
g2o2u01,forklift_simulator,-0.0049420165939192354,1.1132031922277175,0.07462961564385744,72617
g2o2u01,medal_of_honor,-0.2583279928492231,1.6311550469152192,0.49846041452849293,72258
g2o2u02,forklift_simulator,0.03416638172442013,1.1916614048562808,0.08647347150659847,52468
g2o2u02,medal_of_honor,-0.6962869090992684,1.5409438936667101,-0.15180521825904522,68511
g2o2u03,forklift_simulator,-0.1472596397792405,1.1453532822951158,0.2742826674733434,56363
g2o2u03,medal_of_honor,-0.4151250402013956,1.610941053101039,0.5409114782378968,73991
g2o2u04,forklift_simulator,0.005825954532359948,1.1850966266273166,0.08225179192360625,50159
g2o2u04,medal_of_honor,-0.4967518947974501,1.7356340174623683,0.25536949252094965,70609
g2o2u05,forklift_simulator,1.0199646526703194,1.1116756678269535,-0.09062409443460956,50275
g2o2u05,medal_of_honor,0.008733526539531784,1.54868301394209,-0.26083120052318026,43322
g2o2u06,forklift_simulator,-0.10398495013713649,1.0798915228789212,0.008677875862479019,79877
g2o2u06,medal_of_honor,0.8972483763135126,1.4999947479774693,0.8047034517677694,73918
g2o2u07,forklift_simulator,0.011426307766986095,1.1561259664960983,0.005422472377604056,72887
g2o2u07,medal_of_honor,0.8644466457973801,1.6539125281382252,-0.5194422787711963,69052
g2o2u08,forklift_simulator,0.021520134226236273,1.1812491132207945,-0.013703044169023052,61199
g2o2u08,medal_of_honor,0.11503595425059393,1.6193580626716086,-0.4542959259581063,63729
g2o2u09,forklift_simulator,-0.7020291571827515,1.1122586054867045,-1.2662086344329984,68748
g2o2u09,medal_of_honor,0.495724187588665,1.4942614865352346,0.25893653594559785,66544
g2o2u10,forklift_simulator,0.0018561021886983522,1.0280753808612904,-0.0020689291713493403,74237
g2o2u10,medal_of_honor,-0.5218781151580744,1.4198493836162598,-0.7233847025344651,85304
g2o2u11,forklift_simulator,-0.03518371466049241,1.0886339374389766,0.20464655768868428,62467
g2o2u11,medal_of_honor,-0.29049504213223043,1.512473815661568,-0.10856453370312676,58832
g2o2u12,forklift_simulator,-0.010023607962828729,1.1216894002803095,0.0954720794779616,66356
g2o2u12,medal_of_honor,0.3286279788972409,1.5454233765093697,0.48053321322972276,77350
g2o2u13,forklift_simulator,0.945458514970584,0.9756254395534553,-0.2810617063519536,91279
g2o2u13,medal_of_honor,0.154597083411107,1.5467859726422375,-0.8740061473025198,73142
g2o2u14,forklift_simulator,0.39145880035781255,1.1146777612345722,0.2888807963353173,77306
g2o2u14,medal_of_honor,0.5896795994051754,1.5019833345855895,-0.6177491416678361,63885
